"id","eventtime","status","x1","x2","x3"
1,15.7188597886801,1,-0.560475646552213,-0.995798724851333,-0.511603722189581
2,51.3284536513161,1,-0.23017748948328,-1.03995504376619,0.236937879127631
3,13.2488664155383,1,1.55870831414912,-0.0179802405766626,-0.541589171621698
4,70,0,0.070508391424576,-0.132175132856735,1.21922764704307
5,0.203666205184,1,0.129287735160946,-2.54934277475043,0.174135875106149
6,9.71456817483639,1,1.71506498688328,1.04057345571938,-0.615268316096478
7,2.73824158508674,1,0.460916205989202,0.24972573598519,-1.80689296408533
8,70,0,-1.26506123460653,2.41620737314833,-0.643681105896039
9,70,0,-0.686852851893526,0.685198238051097,2.04601885213282
10,8.48343117712932,1,-0.445661970099958,-0.446959308961992,-0.560762421131065
11,17.1879994188614,1,1.22408179743946,2.7973911469581,-0.835999305852858
12,70,0,0.359813827057364,2.83222602391551,0.652947502777847
13,4.5933966183184,1,0.400771450594052,-1.21871181629018,0.441293124842934
14,70,0,0.11068271594512,0.469031955955424,0.751629056591275
15,8.94749740433819,1,-0.555841134754075,-0.21124691863215,-0.277975085155337
16,4.92938492571664,1,1.78691313680308,0.187051146554012,1.12265421625967
17,8.10278633074976,1,0.497850478229239,0.227542728568814,-1.17260886019801
18,70,0,-1.96661715662964,-1.26190046286905,-0.048876767973659
19,8.21097291295792,1,0.701355901563686,0.285589580242562,-0.704140337217957
20,70,0,-0.472791407727934,1.7492473631418,0.680758638017183
21,70,0,-1.06782370598685,-0.164090004134803,0.130006761402136
22,16.6912983393412,1,-0.217974914658295,-0.162926710698454,1.10970808177014
23,70,0,-1.02600444830724,1.39857200633747,2.05850086898135
24,70,0,-0.72889122929114,0.898396240682948,0.140655531724984
25,14.551977561242,1,-0.625039267849257,-1.64849481838129,-0.534616652198382
26,70,0,-1.68669331074241,0.228556973262187,-0.823516726518704
27,6.3398888263789,1,0.837787044494525,1.65354723467773,-0.263033982230645
28,70,0,0.153373117836515,1.41527634991914,-0.0696018363603779
29,70,0,-1.13813693701195,0.41995160381423,1.99180191472057
30,10.9397388152839,1,1.25381492106993,0.721220807112894,-1.12910954273777
31,7.8366988525555,1,0.426464221476814,-1.19693521218868,-1.09321743652488
32,70,0,-0.295071482992271,0.300131566881373,-0.407966690317779
33,10.6599220849323,1,0.895125661045022,-0.954448935187822,0.587559463498313
34,8.31218657429909,1,0.878133487533042,-0.458018068096944,0.821111859737407
35,37.538178191718,1,0.821581081637487,0.935603683779603,-0.907934699241847
36,9.51534619893063,1,0.688640254100091,-1.13689311169114,0.127038606349588
37,6.54782506021009,1,0.553917653537589,0.266918250873058,-0.0428929778975765
38,70,0,-0.0619117105767217,0.428332039471543,1.19520647042577
39,56.3056896265854,1,-0.305962663739917,0.0549119698396297,1.08919223650205
40,70,0,-0.380471001012383,1.82218882183542,-0.312280694434521
41,70,0,-0.694706978920513,-1.02234732857525,0.0459937666619196
42,70,0,-0.207917278019599,0.6061302614356,0.652722613401543
43,70,0,-1.26539635156826,-0.0889305674506674,-1.65349263659697
44,11.4729987935825,1,2.16895596533851,-0.260832243833924,-0.310270965480046
45,17.2392178288161,1,1.20796199830499,0.464091233852381,0.574872884002481
46,2.08515162906512,1,-1.12310858320335,-1.02040059068393,-0.523232154380118
47,3.12676836187312,1,-0.402884835299076,-1.31345091651841,-0.0599182013481885
48,17.8992164629303,1,-0.466655353623219,-0.494480875483423,-0.0210075354337069
49,68.6825195629407,1,0.779965118336318,1.75175714975545,-0.723653214316312
50,35.0216835362126,1,-0.0833690664718293,0.0557647746125201,-0.994479836178391
51,42.6358929026019,1,0.253318513994755,0.331434398227886,-0.199867234998128
52,14.6474177895806,1,-0.028546755348703,-0.18984663767754,-0.347027822807086
53,46.5038543169624,1,-0.0428704572913161,0.470492731953825,0.834095065661453
54,7.11591339316066,1,1.36860228401446,-0.951679543017146,1.52988221249492
55,70,0,-0.225770985659268,1.15791046656864,-0.0119223793666472
56,33.7718635446314,1,1.51647060442954,0.584705260241351,0.398671992491547
57,55.1471588476349,1,-1.54875280423022,-0.806452822691705,-0.0704153139057291
58,64.309581332797,1,0.584613749636069,0.0545532458119923,0.601359843881131
59,17.2955563727688,1,0.123854243844614,0.716331619499123,0.218495462278797
60,70,0,0.215941568743973,0.557730982054603,0.236595501860209
61,70,0,0.379639482759882,1.48193401587688,1.112915127616
62,51.4123008742781,1,-0.502323453109302,-0.61298775489485,-0.987421149395455
63,46.8408980805151,1,-0.33320738366942,1.11613661549039,1.44786401312549
64,70,0,-1.01857538310709,1.03654800994122,0.349112412179829
65,70,0,-1.07179122647558,-0.162483131902855,0.180822010712195
66,23.3550056168518,1,0.303528641404258,-0.975926692821885,-0.560241851130579
67,3.96214667043152,1,0.448209778629426,-1.08914519088452,-0.163877591582529
68,8.10241536142314,1,0.0530042267305041,0.457786957944971,0.373684804430444
69,4.49564076229895,1,0.922267467879738,-0.0711267337208945,-2.06371425739842
70,22.1000219293255,1,2.05008468562714,1.77910266685145,-0.601521948838093
71,70,0,-0.491031166056535,0.535137960496205,0.58599161230581
72,0.0025371190364837,1,-2.30916887564081,-0.371944875163495,-0.294481786351775
73,6.08263337275012,1,1.00573852446226,-1.02554224849711,-0.800527545484263
74,48.599765849242,1,-0.709200762582393,-0.582401674605252,-0.63569453113499
75,70,0,-0.688008616467358,0.342888392897331,0.235749032414043
76,0.716106934098304,1,1.0255713696967,-0.450934647056651,-1.63483238484751
77,70,0,-0.284773007051009,0.51423012023069,0.871229240582207
78,70,0,-1.22071771225454,-0.334338052169782,-2.16893467443595
79,21.6060399155658,1,0.18130347974915,-0.105559908794475,-0.503339522315559
80,18.7764435985791,1,-0.138891362439045,-0.730509672807828,-0.787182478973486
81,3.00387969421068,1,0.00576418589988693,1.9050435849087,-1.24860020954842
82,38.7167705570751,1,0.38528040112633,0.332621731470394,-1.07790734011295
83,70,0,-0.370660031792409,0.230633640499451,0.250077353605602
84,9.15465885566962,1,0.644376548518833,-1.69186241488407,-0.11977403121588
85,50.7288935747472,1,-0.220486561818751,0.659791899549327,-0.30085263245286
86,0.357369507309221,1,0.331781963915697,-1.02362358887971,-2.32076377558186
87,2.51809086273165,1,1.09683901314935,-0.891521574354298,-1.32432071149579
88,18.5820245531788,1,0.435181490833803,0.918341171021649,-0.131307112462703
89,1.00374972814623,1,-0.325931585531227,-0.45270064650823,-0.87803515301306
90,4.90619623579282,1,1.14880761845109,-1.74837228000318,-0.796768930311008
91,31.515092215737,1,0.993503855962119,1.76990410988936,1.0495407129977
92,0.972447548014931,1,0.54839695950807,-2.37740692539252,0.175588348517341
93,16.3655462789345,1,0.238731735111441,0.572811529859585,-1.04384462163877
94,32.1754530144233,1,-0.627906076039371,1.01724924908461,-0.468696015002214
95,3.84285445891267,1,1.36065244853001,-0.630967866660535,-0.28490348155087
96,70,0,-0.600259587147127,0.444287051411554,-0.680295181235103
97,1.41614814541193,1,2.18733299301658,0.439130388388555,-0.964053610494564
98,10.7258569626754,1,1.53261062618519,1.04062315291451,-0.0518040820003942
99,70,0,-0.235700359100477,0.484099387952522,0.741194719519762
100,70,0,-1.02642090030678,-0.244883779092525,0.226852003567295
101,70,0,-0.710406563699301,0.915992057940211,-0.200147012715761
102,7.88175885922294,1,0.25688370915653,0.800622356509766,0.387820244768823
103,13.4710765268594,1,-0.246691878462374,-0.936569034135793,0.793918367051497
104,37.7176151075195,1,-0.347542599397733,-1.40078743399573,-0.140513958248364
105,70,0,-0.951618567265016,0.160277539993178,0.455805198945874
106,3.8737345432934,1,-0.0450277248089203,-0.273962374775183,-1.14557290708596
107,55.8711384693187,1,-0.784904469457076,-0.985539112562296,-0.249650688168871
108,70,0,-1.66794193658814,0.0839306795150329,-0.420298275494042
109,24.3974772859197,1,-0.380226520287762,-1.31999652648691,0.195664503560041
110,40.130162980156,1,0.918996609060766,0.161226351326199,0.357319513842984
111,15.3617713483494,1,-0.575346962608392,-0.62492838754192,-0.123617978997338
112,2.84845950958773,1,0.607964322225033,0.957164274192481,-0.766214222789801
113,70,0,-1.61788270828916,2.42448914116153,-0.929714216784719
114,30.0235990473417,1,-0.0555619655245394,-0.915979243686792,0.278520610602079
115,7.5869507427067,1,0.519407203943462,1.05766417094298,1.35683685227542
116,13.4462916542864,1,0.301153362166714,0.825149727768283,-0.787135594929695
117,0.922066416023528,1,0.105676194148943,-0.0701942243053587,-0.384798672297195
118,0.712365196194707,1,-0.640706008305376,-0.453646374057015,0.330680560251943
119,56.6377174248256,1,-0.849704346033582,1.57530770683748,-0.55462045006283
120,20.4634746940254,1,-1.02412879060491,-2.00545781823625,0.121572314820453
121,19.956658449452,1,0.117646597100126,-0.643194791593663,-0.0475961169783602
122,13.0693187189471,1,-0.947474614184802,-1.43684344365778,-0.776251590566683
123,70,0,-0.490557443700668,1.39531343894608,0.831441251138311
124,64.3911732466344,1,-0.256092192198247,-0.190703432644857,0.84630783722297
125,7.61793284794355,1,1.84386200523221,-0.524671199469671,1.0241395066572
126,70,0,-0.651949901695459,3.18404447406633,1.26799658618238
127,39.806072745152,1,0.235386572284857,-0.0500372678876282,-0.506361787922575
128,55.7855654616676,1,0.0779608495637108,-0.443749311866524,-0.464481896508305
129,70,0,-0.961856634130129,0.299865250136145,0.26121800049174
130,6.37388166651957,1,-0.0713080861235987,-1.56842462075497,0.630080976551625
131,26.6548707821066,1,1.44455085842335,0.490302642672068,-0.339626156224904
132,13.2219256409772,1,0.451504053079215,-0.0961632010799668,-0.423344808400481
133,25.2621980648255,1,0.0412329219929399,0.468525122530146,-0.618271527554652
134,70,0,-0.422496832339625,-0.982370635937854,1.48220189072674
135,3.39969061155711,1,-2.05324722154052,-1.02298384214794,-2.50816635204148
136,10.7690372576263,1,1.13133721341418,-0.693414663276185,-0.16757803378388
137,70,0,-1.46064007092482,-0.767989573092782,0.0382128770535341
138,36.4971654142536,1,0.739947510877334,1.29904996668359,-1.05960960299357
139,59.131060676443,1,1.90910356921748,1.57914556180809,0.385425894820638
140,54.9689860503837,1,-1.4438931609718,-0.156891953039067,-1.96708768381011
141,7.16299823193865,1,0.701784335374711,-0.35893656058468,0.954968861111918
142,5.72834590630139,1,-0.262197489402468,-0.329038830421669,-1.6633605848706
143,4.10471775763629,1,-1.57214415914549,0.0692364778530165,-2.20273488009703
144,70,0,-1.51466765378175,0.0969042337010548,-0.763563825792029
145,70,0,-1.60153617357459,0.290034387765571,0.162080393912321
146,0.743647469429887,1,-0.530906522170303,-0.746678941046256,-0.651567164764164
147,7.82800696766432,1,-1.4617555849959,-0.846896388820319,-0.559286995277619
148,70,0,0.687916772975828,1.19707766374608,0.333204975057779
149,3.48255177024841,1,2.10010894052567,-0.548627361103323,-1.05890092148845
150,70,0,-1.28703047603518,0.303045695225451,-0.0858495457604726
151,39.362474644054,1,0.787738847475178,-0.056970533803332,0.497932992929394
152,3.07185514815884,1,0.76904224100091,-0.957849392150669,1.63398965670861
153,70,0,0.332202578950118,0.591061909411507,0.479451881240197
154,70,0,-1.00837660827701,0.173104873492955,1.71476299216676
155,70,0,-0.119452606630659,1.39978335621251,0.453160033529716
156,12.2689092950683,1,-0.280395335170247,0.117459584626988,-0.00324112682536025
157,1.74026192356146,1,0.56298953322048,-0.331545758200853,-2.25653485624939
158,20.939898760247,1,-0.372438756103829,0.278294913305364,-1.22465855193064
159,6.17671847529248,1,0.976973386685621,-1.18559164903534,-0.318962623738223
160,70,0,-0.374580857767014,-0.835894053393597,0.712270455853782
161,45.7277510033195,1,1.05271146557933,0.510273251139431,-0.32251357317817
162,70,0,-1.04917700666607,-0.333120901223949,0.543648621254837
163,36.3373273950768,1,-1.26015524475811,-0.0659609463524635,-1.06381135183874
164,4.58928223146895,1,3.2410399349424,-0.11522170942195,-0.274129717350557
165,20.0973035020585,1,-0.416857588160432,-0.650512618774529,0.21700603247715
166,10.02692501211,1,0.298227591540715,-2.01868865908242,-0.359385718165611
167,17.5923303693261,1,0.636569674033849,0.348834970176592,0.11283169498315
168,7.39366103011698,1,-0.483780625708744,0.761639507646859,-0.670748026053258
169,10.1799969409496,1,0.516862044313609,-1.28871623535013,0.374345223259504
170,28.2130637933917,1,0.368964527385086,1.48240271845861,-0.0810548925112574
171,70,0,-0.215380507641693,0.385154823687235,-0.0470493466531285
172,17.8861841663793,1,0.0652930335253153,1.34164029499387,-1.94878708644615
173,21.3369532108732,1,-0.034067253738464,-0.957170471242288,-0.673668581278741
174,8.89994618617309,1,2.12845189901618,0.166781288354251,-1.48964408489825
175,12.0120811699405,1,-0.741336096272828,-0.100013958938808,-1.6057180576203
176,51.2883141043976,1,-1.09599626707466,0.768507431881776,-0.493883100845236
177,29.7927936943883,1,0.0377883991710788,-0.575859567912693,-0.160798367745603
178,24.1272896317721,1,0.310480749443137,-0.0100976719524611,0.283600225800619
179,0.176479366534173,1,0.436523478910183,-1.77865914874394,1.09126265030032
180,70,0,-0.458365332711106,-0.7776214428705,0.444400296922585
181,10.3266213872995,1,-1.06332613397119,0.12503388366511,1.01207034075848
182,3.70165877550071,1,1.26318517608949,-0.706321492388223,-0.526310287634533
183,27.0034707305607,1,-0.349650387953555,-0.04356948581148,-0.307840173188787
184,37.8306209169773,1,-0.865512862653374,-0.46792597392522,1.08516888442625
185,8.149141293866,1,-0.236279568941097,0.60693013616149,0.00120718393810378
186,24.0574942423493,1,-0.197175894348552,1.16848830874956,-1.68024471568337
187,1.6889145019936,1,1.10992028971364,-0.822501412807523,-0.846555519092125
188,5.72995322129946,1,0.0847372921971965,-0.307036558594728,1.00759205983273
189,7.06696329039779,1,0.754053785184521,1.43976125836974,-0.61073725767746
190,1.2195563001356,1,-0.499292017172261,-2.19892325418371,0.333444132777122
191,28.3061619060046,1,0.214445309581601,-0.319837791740735,0.0142226956806451
192,70,0,-0.324685911490835,2.06470428414334,-0.496357607349662
193,10.95409470707,1,0.0945835281735714,2.19359006906425,-0.350786392406381
194,19.2809108320272,1,-0.895363357977542,0.156595323350149,0.391720547858095
195,1.25304298492919,1,-1.31080153332797,-0.863608950613638,0.209578828892245
196,6.48173600525029,1,1.99721338474797,0.165457419490438,1.23467013989917
197,12.5679788042317,1,0.600708823672418,-0.65277439594702,-0.199819784434937
198,70,0,-1.25127136162494,1.45281728229148,-0.923208042026682
199,11.4453985493413,1,-0.611165916680421,-0.806482655703046,0.165903101579443
200,46.8206504003626,1,-1.18548008459731,0.372911595208748,0.70533455324418
201,12.0554606735148,1,2.19881034888372,0.619850074568692,2.28196695572699
202,4.39188668738854,1,1.31241297643351,-0.757510160695849,-0.463683013103733
203,46.9617907707877,1,-0.265145056696353,0.851524681506183,-0.326353571908267
204,34.2382123352494,1,0.54319405923209,-0.747929970916306,0.882493210397949
205,70,0,-0.41433994791886,0.63023982965398,1.28128612650446
206,70,0,-0.476246894615578,1.09666163310355,-0.658681856604976
207,52.850153323098,1,-0.788602837850243,-0.988442922383206,0.664570454944413
208,7.31744653593415,1,-0.594617267459511,1.1079950409796,-0.565157514042339
209,6.31420487252035,1,1.65090746733669,-0.489532871212412,-0.962178270242238
210,39.1181761786443,1,-0.0540281250854405,0.294353388436968,0.623360901900257
211,9.34948479331316,1,0.119245236427584,0.20183747228877,0.106497772201071
212,26.778086782394,1,0.243687429599092,-0.427196386338202,0.38933087814222
213,11.5540059408836,1,1.23247587848534,0.268102869997785,-0.580503496721951
214,70,0,-0.51606383094478,-1.23043092542384,1.79497795592676
215,13.6048715362897,1,-0.992507150392037,-0.136136872184964,0.665288009047707
216,35.8814990062948,1,1.67569693240319,0.825790831665171,-0.374402425652033
217,0.909585115649076,1,-0.441163216905286,-2.17412464922931,0.702748931010458
218,3.30775575102127,1,-0.723065969939874,-1.48792618735825,-1.21451438389368
219,21.2586304291465,1,-1.23627311888329,-1.16193755759697,-0.137750126949227
220,70,0,-1.2847157223178,-1.58908969414543,1.40335789868052
221,60.5200748509674,1,-0.573973479297987,0.419583039296359,-0.188839311604344
222,16.2745597347369,1,0.617985817166529,-0.992928349756011,0.910490371995549
223,3.54085787037098,1,1.10984813892972,-2.16454708532897,-0.221922000189912
224,1.97766745265903,1,0.707588353835588,-0.63756876508045,-2.29802640030622
225,12.7272584149352,1,-0.363657297095253,-0.390635251474806,-0.880212545566096
226,70,0,0.0597499373846007,0.85678547377811,0.22273568903497
227,40.5614238036487,1,-0.70459646368007,-1.10375213599883,1.44655271093401
228,70,0,-0.71721816157401,1.1612892557387,-0.593402125000833
229,17.3488350729643,1,0.88465049897692,0.398362715628605,0.275979011382551
230,65.6281105548694,1,-1.01559257860354,0.362352157635545,-0.964819289479567
231,6.76498969955395,1,1.95529396549246,-0.852525670314502,-1.0164562413338
232,30.2215962278974,1,-0.0903195939658516,1.95366787989804,-0.777316643416822
233,43.8015027905524,1,0.214538826629216,-0.164270832097155,1.36906206733358
234,70,0,-0.738527704739573,-1.82489758417833,0.940310089910901
235,70,0,-0.57438868976327,-0.203856471392496,0.5936651573177
236,32.6677302994505,1,-1.31701613230524,-1.93444407073205,1.11546255343648
237,70,0,-0.182925388372727,-0.310510115786673,-0.424424996733506
238,10.0507965971546,1,0.418982404924464,-0.422227003189619,0.759576936893122
239,40.3491396442997,1,0.32430434416138,0.68182969040341,0.209629277871549
240,57.4315433344365,1,-0.781536487054751,1.00949618573749,-1.04910092481282
241,20.6001046395531,1,-0.788621970854002,-0.726104964901155,-0.831062222281743
242,70,0,-0.502198718342861,0.806108868375026,0.0500529319191458
243,41.2269058316817,1,1.49606066984635,1.42432310966876,0.205630061496544
244,51.721702526372,1,-1.13730362066574,-0.784144004842646,-0.321358418660978
245,25.127781819248,1,-0.179051594380198,-0.652404366499333,-0.996491243786537
246,4.06173440122226,1,1.90236182167893,0.650778363153682,-2.09089194048916
247,20.31760801512,1,-0.100974885328808,0.183047969943935,0.425235479441099
248,70,0,-1.35984070382139,0.548774960444283,-0.295271709137097
249,70,0,-0.664769435274062,1.40468429454756,0.54916088318128
250,6.12214545042015,1,0.485459978904878,0.387083119576395,-1.54589181325016
251,1.65427998938965,1,-0.375602871669773,1.05170127017537,-1.25333593531244
252,31.6763052741569,1,-0.561876363549783,0.622905462337194,-0.111331874671968
253,31.6320613730044,1,-0.343917234128459,0.433620389808855,-1.4128135356317
254,1.71359593385006,1,0.0904966471392212,0.386084438184412,-1.98295385072071
255,44.3040786910483,1,1.59850877114583,1.29132330445808,0.783595407833566
256,22.563691650024,1,-0.088565112138884,-1.00225987371065,0.900869339749533
257,7.41947581662915,1,1.08079949615152,-1.10518272915749,-1.0299636420045
258,26.026083266092,1,0.630754115650567,0.591946003397209,-0.272057268566593
259,43.7754186622706,1,-0.113639895506141,-0.119689664133114,-1.13397290517125
260,70,0,-1.5329020028906,0.0740052116849605,0.316426916752984
261,63.6627469226301,1,-0.52111731755252,0.741277377171399,-0.0296783010019916
262,70,0,-0.489870453138474,0.753295047849076,-0.869460450959366
263,17.1168579762982,1,0.0471544327615272,-0.262670503361778,-0.774217543896185
264,2.76312609604072,1,1.30019867766682,-0.312543868997102,-1.0620811934282
265,14.7398923661694,1,2.29307897383109,0.0735986090078693,0.436374262192543
266,33.1703226674126,1,1.54758105898377,1.06301778929474,0.571008847814101
267,20.4236399676264,1,-0.133150964328944,0.426020486679004,0.376474894415886
268,70,0,-1.75652739555764,1.43300751082319,-0.842889697415977
269,0.207735266948373,1,-0.388779864071743,-0.00763687041997194,-1.78616962823527
270,70,0,0.0892072230732945,1.12566760522075,0.530875663154472
271,16.2166235768473,1,0.845013004067436,0.883002311017247,-0.177058947394319
272,52.7066910688946,1,0.962527968484271,0.61208346090007,-0.0393923499714967
273,17.4776148250341,1,0.684309429416465,0.414700706778464,1.03212798487339
274,70,0,-1.39527434979947,-0.279882397142518,-0.8935158344016
275,70,0,0.849643045633355,-0.109037509169232,1.14401532568501
276,70,0,-0.446557216427222,0.229395495708467,-0.413191495212929
277,56.9031724592008,1,0.174802700161256,0.0488888906792862,-0.713187821756013
278,70,0,0.0745511771737346,0.943224468386221,-0.205746143817567
279,1.89235034783075,1,0.428166764970505,-0.109317123186431,0.390019728842846
280,33.5129771861465,1,0.0246749828261399,-0.0703769215878276,-0.207215645255724
281,70,0,-1.66747509758566,-0.484319087565665,-0.900507220547859
282,12.9462958038109,1,0.736495964773442,-0.138336328543328,-0.281624278790779
283,0.158354448449024,1,0.386026568349676,-0.0687656423038444,-2.54193110113798
284,6.99732457639893,1,-0.265651625278222,-2.31373577389942,-0.508511681872445
285,6.15049320838572,1,0.118144511046681,-1.36483169721432,0.455966217539027
286,4.90861213171911,1,0.134038645368463,-0.072486909951959,-0.169259774532087
287,43.1011438359859,1,0.221019468561002,-0.265283774864499,0.688327722261226
288,6.60662791860303,1,1.64084616597749,-1.20086932820744,0.48598243397446
289,7.91656348507449,1,-0.219050378933476,-1.99153817604302,0.645646746355588
290,20.4319723359841,1,0.168065383884658,-0.354369219913427,0.656044945025482
291,7.76860058751362,1,1.16838387306909,0.653495765694276,-1.73858076137427
292,60.9131168542916,1,1.05418102337692,1.77323863192756,0.00415968001844305
293,32.5302891253165,1,1.14526311038036,-0.0384567937093384,1.63006733460683
294,11.3067047996432,1,-0.577468001059557,1.49318484062772,-0.480485227044419
295,8.94026487980751,1,2.00248273029283,0.0830221576359683,0.452802442420564
296,70,0,0.066700870930183,0.11553210425956,0.143393730979936
297,12.8510351924798,1,1.86685184470686,0.324825313348747,0.557012225188023
298,70,0,-1.35090268603071,-0.870577245260919,-0.272030117170514
299,3.97370438167603,1,0.0209835863542375,-0.0517182128948834,-0.648299296516002
300,6.14615368017046,1,1.24991457096922,0.908447698792251,0.071960844365645
301,12.6056066245139,1,-0.715242187222796,-0.749725786852189,0.207814830703413
302,30.2156896159803,1,-0.752688968217742,-0.321606069887961,-0.185332289683865
303,1.127960748108,1,-0.938538703606894,-1.14777075045925,0.0314406650264462
304,70,0,-1.05251327933874,0.354352196449355,0.411351933690778
305,52.6067684630659,1,-0.437159533180399,0.424799782389022,-0.776183890462463
306,70,0,0.331179172958982,0.648347351224082,1.13967765719806
307,70,0,-2.01421049792072,-1.2198100315169,2.20076027074659
308,70,0,0.211980433372292,0.107235034754764,1.47720532873484
309,2.70042654144385,1,1.23667504641657,-0.944057691649846,-0.454417850707568
310,4.30999251210894,1,2.03757401824044,-0.000384648716023502,-1.82288726903245
311,5.43971140347837,1,1.30117599220059,1.34262392000608,0.0541979571095952
312,34.3973379276631,1,0.756774763795962,-0.503525286934276,0.880273220604069
313,70,0,-1.72673039911433,0.716683320938825,0.778106697935667
314,70,0,-0.601506708006782,-0.749668584083695,-1.22974677471174
315,39.0564911930037,1,-0.352046456582617,-0.478528210450305,-1.11314851074341
316,32.354921727547,1,0.703523902756894,0.438721750586617,0.133744634877637
317,38.4173957052562,1,-0.105671334003774,-0.679112270457868,0.626081345376854
318,70,0,-1.25864862806017,-1.70296483514544,0.872931663855459
319,17.6674622634846,1,1.68443570809411,1.26516843521333,0.816391978938957
320,8.35884706140369,1,0.911391291795963,0.360357237879846,-0.967975491966489
321,2.11154078269158,1,0.237430272491026,-0.58363944056009,-1.31260505619999
322,3.2177373225795,1,1.21810861032581,-1.9940787873306,-2.01251977795928
323,70,0,-1.33877428723497,1.9022097713993,0.504932697727817
324,70,0,0.6608202977898,3.39037082127154,0.828111565769426
325,29.6113924471319,1,-0.522912376313422,0.207480407355457,0.335850688825044
326,21.8000300915348,1,0.683745521850712,0.849806647511189,-1.05912444601131
327,70,0,-0.0608219546600742,1.22456031207416,1.56771674994935
328,2.22527462172059,1,0.632960713031451,-0.701804433538609,-0.370146624363391
329,23.4668759742312,1,1.33551761505939,-0.35119622955654,1.77903836149569
330,3.50868813660425,1,0.00729009031689879,-1.7271210366452,0.551402005080575
331,10.5995731993001,1,1.01755863695209,-0.736578232271872,1.19031064508552
332,70,0,-1.18843403514798,0.622409782886114,0.330602226294406
333,26.5953966852231,1,-0.721604440436015,-0.29071598924087,-0.0646522280998777
334,1.40084423921361,1,1.51921771138818,-0.214211534183077,-1.01254806837321
335,8.23902604965999,1,0.377387973023929,-0.112559551502516,-0.55851419019136
336,70,0,-2.05222282043373,-1.8636669824956,-0.0471078362764253
337,70,0,-1.36403745208238,0.83762993423167,0.282074067985043
338,18.807656622029,1,-0.200781015589121,-1.44349288893542,-0.0332192123310964
339,6.55887368969585,1,0.865779404334488,-0.208570162415648,-0.177971989093417
340,40.8000365857066,1,-0.101883255715222,-0.43856346205883,0.183485516942061
341,0.796758138209482,1,0.624187472020653,-0.218593816856198,-0.524372042597516
342,46.1366398281999,1,0.959005377787825,1.45996594473579,-0.53593745633951
343,3.13091697409211,1,1.67105482886294,-0.582059917915369,-1.45570470165602
344,12.3217728426951,1,0.0560167332749619,-0.783097595711896,0.846271470268007
345,0.766117087965146,1,-0.051981906180899,-1.51965399494385,0.046932368001524
346,6.98203443271938,1,-1.75323735914227,-0.805698081611249,-0.0836242334273476
347,20.2741188769449,1,0.0993275940878275,-1.16618470736774,-0.740918614774916
348,70,0,-0.571850057895563,0.407946196248296,-0.247773863902407
349,15.6873164694619,1,-0.974009582804091,-0.863004246007877,-1.0867828557013
350,13.9344751464315,1,-0.17990623104754,0.304042035028136,-1.04929735235275
351,6.5598311589168,1,1.01494317274366,-0.146427487847921,-1.9189517717066
352,70,0,-1.99274848868858,-1.4335621799108,0.981698772648436
353,70,0,-0.427279287205429,-0.790607785722698,0.125964082145297
354,19.3365508059778,1,0.116637283582706,0.885112455057677,-1.11677637555443
355,3.32970997110403,1,-0.893207570054953,0.903076085954568,1.1637866037459
356,70,0,0.333902942499225,2.00557327430063,0.624591683369118
357,14.221640416719,1,0.411429920615731,-0.00358030839978085,0.742382274584664
358,1.18082125528274,1,-0.0330361592759917,-1.49582681398214,-0.225770566942818
359,70,0,-2.46589819376003,-0.768417027015159,-0.422872006585657
360,12.8555756067235,1,2.57145814586664,0.408488504840148,-0.0980529020064929
361,70,0,-0.205299257468199,1.90013633489472,0.404690656237582
362,24.526477480998,1,0.65119328158767,0.110009123439723,0.799914606641116
363,70,0,0.273766491036548,1.14038682512847,1.58946914995693
364,51.4067239357331,1,1.02467323481835,0.768081304692261,-0.509070404137271
365,0.452385586709576,1,0.817659446374088,-1.16809162211733,-1.01556474815148
366,1.41493298660436,1,-0.209793171228509,-0.171112652264859,0.100858665610429
367,70,0,0.378167772208507,1.30526153634768,3.02210418529039
368,70,0,-0.945408831123893,0.876096109595914,-0.428615845083704
369,56.3469699143909,1,0.856923010899318,0.463796141567798,1.14568121778476
370,2.68877270284733,1,-0.461038338884354,0.477114245376879,-0.243098209585093
371,2.80390606135626,1,2.41677335378821,-0.491405300209402,-0.478543237763877
372,4.18814087453633,1,-1.65104889568819,-1.3193853133442,-0.710417122207556
373,17.6097188612681,1,-0.463987242966015,1.29542579083131,-0.211244627717603
374,6.23287376988868,1,0.825379862759242,-1.42021949166693,1.64178447087543
375,32.8597974643186,1,0.510132546878663,-0.93889591970583,0.301846720563439
376,15.4289963482935,1,-0.589481038515,0.62896499251984,0.487329123215285
377,70,0,-0.996780742207522,-1.2621945493896,0.838735792432261
378,13.192891549582,1,0.144475704710697,-0.551870413272792,2.071741512886
379,8.46307505995271,1,-0.0143074131669134,-1.18279950678248,0.77561884207953
380,70,0,-1.79028123726406,0.62066355772895,-1.42711135295193
381,19.248369437448,1,0.034551067133851,0.446313016638096,-1.03351133546615
382,16.9769322906186,1,0.190230315692457,0.421884693273688,-1.58945511359183
383,10.9313060135478,1,0.174726396981842,0.442464772145637,-2.84854676989379
384,70,0,-1.05501704260268,0.557245746378939,1.29073392779261
385,4.5501860353888,1,0.476133278302629,0.639356491970517,-0.493723874282408
386,3.28791192142879,1,1.37857013695924,-1.96866155667422,0.394970677706016
387,17.6359845658967,1,0.456236403179813,-0.148816361359868,1.18161785314391
388,70,0,-1.13558847037434,0.112463812551901,-0.511832694580471
389,70,0,-0.435645469691905,0.72467620264776,-0.134967648662221
390,34.9397653819953,1,0.346103619553607,-1.18748607600528,0.350256179524455
391,26.6156351430498,1,-0.647045631318269,-0.499600189815913,0.225879221817625
392,0.965267666485282,1,-2.15764633501528,-1.07364299075116,-0.774315249588103
393,4.50500016217043,1,0.884250820028209,1.05724021270968,0.730815610006591
394,70,0,-0.829477611624518,1.27907258320933,0.545635528242466
395,70,0,-0.573560270768283,0.787676725359233,-0.288449295921491
396,0.790244662549523,1,1.50390060900454,-1.22240338257699,-1.222380910859
397,70,0,-0.774144929605405,0.451952116736654,0.633333595568586
398,70,0,0.845731540189296,1.15044918638092,1.427519655915
399,70,0,-1.26068287881878,0.167940980736459,1.38051749338936
400,51.7902823983226,1,-0.354542403073978,-0.56610933289597,0.872634566795338
401,6.89688436304662,1,-0.0735560191364783,-1.08611824061135,-0.483135068652272
402,9.28821859411582,1,-1.16865142442436,-0.665302795560156,-0.531346919490549
403,70,0,-0.634748264908909,0.714848355949339,-0.587684756585901
404,8.85601893857412,1,-0.0288415529283144,-0.431661100381928,-0.411697868987503
405,60.430882558895,1,0.67069596873393,0.227614939940088,0.709185621253385
406,70,0,-1.65054654342511,1.2949457956703,0.256396753535657
407,35.6551675566945,1,-0.349754239211268,0.578334940469455,-1.8563605863048
408,10.6167773355706,1,0.756406438545484,1.36467278147354,-1.86058762981445
409,11.5230006225179,1,-0.538809159977592,-1.70157980266041,-0.0228340937343522
410,23.3905436969689,1,0.227291921672942,-0.280676279713792,0.149938747281039
411,3.00096274509968,1,0.492228570064431,0.0650680194921931,-2.30747434203529
412,2.87167142777047,1,0.267835015331683,0.578589291608515,-0.816447225812107
413,17.7654071414689,1,0.653257679471382,-1.16920662152897,0.0275611516966839
414,70,0,-0.12270866097738,0.806184855447289,1.46178591517648
415,15.752236724164,1,-0.41367651359212,0.307390076162333,-2.01286872832228
416,70,0,-2.64314895202898,0.263806013604717,-1.25544427798198
417,22.6336357490366,1,-0.092941018479472,0.508484791605046,-1.08030684721822
418,11.4070144525613,1,0.430284696359987,-0.116358439876994,0.175396078648851
419,70,0,0.53539884086815,0.925546098499114,0.330839221414253
420,3.91417219570845,1,-0.555278351313252,0.64822977373149,-0.320689231300393
421,1.42624276261101,1,1.77950290977515,-0.150209374167699,-1.61232868794999
422,13.6094434795122,1,0.286424419628825,1.0403770193407,-0.630552416864319
423,1.45546527331881,1,0.126315858458886,0.292558684946182,-0.560485986655885
424,10.8118768231356,1,1.27226677946852,0.668751399439465,-0.202581284417019
425,70,0,-0.718466221319259,-0.594177641624221,1.62288518113168
426,70,0,-0.450338623924712,1.58043183698592,-0.676770530437996
427,6.79630574289505,1,2.39745248004976,-0.0039889443499837,0.0762644051386911
428,1.10331907318021,1,0.011129187220888,0.847842768893476,-0.705398341626911
429,0.765553584636599,1,1.63356842140831,-0.100116525892691,-1.24022784904392
430,12.3092325048138,1,-1.43850664491452,-0.279629906980599,0.635947897868601
431,24.7897221956897,1,-0.190516802042901,0.784438245280006,-1.05062867965275
432,3.5753050576906,1,0.378423903636832,-1.58461664459117,2.73520918962219
433,70,0,0.300038545205798,0.47836614779403,0.0925629378272146
434,70,0,-1.00563625951084,0.393566372994815,0.0602535760786764
435,2.86001177866197,1,0.0192592746253708,-2.69532936912452,-0.0665452110108605
436,70,0,-1.07742065311198,0.368377328533257,1.84364554004006
437,11.8388376908055,1,0.712703325244282,-2.16841774734701,0.663927110403606
438,9.11681637444241,1,1.08477508986065,0.65980437689272,-0.250990643747969
439,70,0,-2.22498769648741,-0.45391373338119,-1.16618980661084
440,4.59300172791238,1,1.23569346230014,-0.694936825234894,-1.03872776071744
441,70,0,-1.24104449680849,-0.00684630317266509,-0.78498930533731
442,15.6278388993797,1,0.454769268982633,1.37305204498399,1.21494843097831
443,8.44693532902998,1,0.659902638142608,-0.635323077217894,-0.188981575770903
444,70,0,-0.199889828101433,0.558103293948777,-0.757198622679825
445,70,0,-0.645113956859792,0.341157868421877,0.792059477880274
446,10.5752259954021,1,0.16532102124205,-1.17951862914156,1.34518001902217
447,15.6490315903834,1,0.438818700714454,-1.74102201733397,-0.694531484071315
448,2.15072233227449,1,0.883302819948705,-1.99258577123914,-0.444932544042374
449,70,0,-2.05233698390195,0.551274211467889,0.345284186723786
450,26.665736761593,1,-1.63637926805902,-0.0347420615312984,-0.00484443653596692
451,70,0,1.43040234118818,1.85057170361062,0.406366471484777
452,66.0811742080469,1,1.04662884711155,0.573675108263045,1.71419852577143
453,48.7332151885482,1,0.435288948907682,0.849695891082609,-0.0603865541209644
454,37.0245943837323,1,0.71517840711106,1.33438358533495,-0.280702267534243
455,9.8643443487254,1,0.917174917641003,-0.500719097964974,0.485414460894456
456,70,0,-2.66092279846568,0.510097928228489,-0.049344529739962
457,24.6027857209584,1,1.11027709663882,0.868793270244154,0.627765061532786
458,70,0,-0.484987596562325,1.36935168800303,-0.223971151420257
459,55.4640025654438,1,0.230616830631202,0.762651146326369,0.443522714401107
460,3.77566135503317,1,-0.295157800883577,0.421147173037333,-1.56374070756789
461,24.3437001695621,1,0.871964954078744,-0.868224047271223,0.0139036583033916
462,70,0,-0.348472448955611,0.729560360957693,-0.516215987283684
463,2.41280803651902,1,0.518503765888248,0.500265872418287,-1.19054257551753
464,11.2569523996202,1,-0.390684978638979,0.634250253706911,-0.413069207837028
465,0.932135673353356,1,-1.09278720910151,0.423645045572256,0.371994945422908
466,15.5042179870385,1,1.21001051044026,-0.201838044710004,0.0923429640204638
467,14.6013499660534,1,0.740900011274274,-0.0768658984340142,0.693483762521126
468,18.809286268227,1,1.72426223915645,0.687364113281517,0.940899243153547
469,9.92337194883251,1,0.0651539325793032,0.17163150692454,0.828464029727859
470,6.05471109936173,1,1.12500274582817,-0.830108574326988,-0.324489176475348
471,2.63691327478881,1,1.97541905401908,-0.290159119805667,-1.32815619805706
472,10.7729526702649,1,-0.281482115038967,-1.31912572417651,-0.280334969912362
473,70,0,-1.32295111275522,-0.967031902668912,1.16965543651082
474,12.9598548241843,1,-0.239351567138116,-0.144611070135517,-0.121476364908072
475,0.438216909398797,1,-0.214041239985383,-1.79813255637493,-1.63729165104512
476,2.45538108129193,1,0.15168050450932,-1.68854247459158,0.491383222869776
477,6.44135324196907,1,1.71230497731928,1.10256519943608,0.281819310693371
478,14.222515114976,1,-0.326143892505348,-0.57661892421144,-0.400603355192185
479,4.01223955665376,1,0.373004655804915,-1.85169172955149,0.173361502856003
480,70,0,-0.227684064895531,-0.112863239428975,1.36938766954533
481,42.4827826183704,1,0.0204507085250325,1.32106926722151,1.29919609375684
482,42.9661529017404,1,0.314057663506262,0.662254296934641,-0.456296893545459
483,25.8001652976158,1,1.32821469603699,0.441383198353637,0.010664861858056
484,40.6333517086207,1,0.121318377490778,1.18374591227984,-1.45408914493424
485,13.0201666520377,1,0.712842320031113,-0.771501441100894,-0.727753325968744
486,18.5720841699615,1,0.778860029783535,0.729689191352037,2.00824039746518
487,28.5853173309347,1,0.914773270855634,-0.58708561577886,1.49800968551095
488,70,0,-0.574394552184383,0.000764186362514016,-0.229254725283134
489,27.5868680880109,1,1.62688121419468,2.21446531934013,-0.692465145302773
490,33.7499360966264,1,-0.380956739294013,0.969434395709261,-1.3666232971684
491,70,0,-0.105784167649752,0.768007713717215,2.1260518537637
492,18.1763986673635,1,1.40405026771417,-1.10832791181816,0.114629724838474
493,7.52107381273717,1,1.29408390614558,-0.786235919994713,-0.593948909367117
494,70,0,-1.08999187241124,2.2841164802616,1.07806733795125
495,10.4023067397833,1,-0.873071000417463,-1.09330076397331,-1.09958583285891
496,70,0,-1.35807905937061,0.214479375285073,0.726564197606452
497,38.8568007698411,1,0.181847192619832,0.892571059637072,1.4408703022386
498,3.65098127725188,1,0.164840867918466,1.01875797234226,-0.210170159621664
499,70,0,0.364114687355063,1.08911201091924,1.45128094388337
500,36.0221938889325,1,0.552157714218558,-0.163128989885215,0.641551431409249
501,29.2185119842322,1,-0.601892845985016,-0.820986697119997,-0.678807618879959
502,0.395681000059445,1,-0.993698591098714,-0.307257232988639,0.574312736347461
503,0.666161766949812,1,1.0267850560749,-0.902098008539463,-0.704514526288929
504,28.1753524634613,1,0.751061302606323,0.627068743114984,-0.533984057229936
505,70,0,-1.5091665373287,1.12035502842611,0.774384606617658
506,70,0,-0.0951474508492868,2.12721355249353,-0.475621395338803
507,70,0,-0.895947822756499,0.366114382931719,-0.0244273788868501
508,70,0,-2.07075107054196,-0.874781377193686,1.01900809628437
509,7.75962086193942,1,0.150120131188143,1.02447486299323,-1.20558039559856
510,70,0,-0.0792117092585882,0.90475889369531,1.59529386747203
511,70,0,-0.097369267513081,-0.238248695902827,2.041955459993
512,41.6825049794821,1,0.216152541801233,-1.55785490387231,0.614481250043309
513,22.8707643341004,1,0.882465164396587,0.761309895393914,0.421931174136824
514,26.0567013344631,1,0.205597504483387,1.12914439564163,-0.496421667693228
515,70,0,-0.616435842873528,-0.295107830705934,0.490961412826035
516,12.0806230114659,1,-0.734799251921281,0.536242818358026,-0.501982169603514
517,13.7507818583176,1,-0.131802793041181,-0.275890474750511,0.288169818251616
518,4.78327474101757,1,0.310016986578952,0.682315245137513,-0.686626008241128
519,70,0,-1.03968035270204,-0.117290714714849,0.788403786030499
520,70,0,-0.184308868842384,-0.344675863920062,0.691368840963686
521,70,0,0.967267260167914,0.11162049819721,1.24299900805133
522,24.0307940303131,1,-0.108280091234486,-0.283405314982296,1.98220971242917
523,2.79514903689197,1,-0.69842066759439,-0.591017164454285,-0.646441834619146
524,70,0,-0.27594516842554,-0.315936931242398,0.96618929222735
525,21.0641310195303,1,1.11464854536198,-0.00815215232553516,-1.42726744709521
526,27.0255506388116,1,0.550043961214136,0.207495140718474,-0.457483758648024
527,16.3217081926856,1,1.23667580008161,1.53242362162584,0.945466684608465
528,8.28396254082725,1,0.139097857161771,-1.35799783095348,-0.738389150369058
529,6.49453887577026,1,0.410275096490425,-0.199619050552942,0.345640699877904
530,22.2435200346051,1,-0.558456912348133,0.631523127780826,-0.900444693895271
531,70,0,0.605370668930333,1.76202090344287,-0.370350704115059
532,15.6960158233547,1,-0.506333542189239,0.426014362615495,-0.0407969264500623
533,29.6363176946156,1,-1.42056550469574,-0.0137534164753999,-0.612318766406044
534,8.65537404593709,1,0.127992965684126,-0.307556909596359,-1.94585208981637
535,3.72287350265373,1,1.94585121773144,0.41430816410829,0.243096329527575
536,0.935029557673987,1,0.800914339573062,0.98905792019639,0.474900095404527
537,23.2817445147977,1,1.16525338994626,-0.183858310546053,0.136714574061142
538,24.0804337731957,1,0.358855723093152,0.163761406846557,-0.48874772568831
539,70,0,-0.608557178316224,0.216936344144384,0.900203657260438
540,11.4959290808066,1,-0.202240855110284,0.729277634209656,1.07753566006142
541,70,0,-0.273248106811925,1.11138040702469,-2.37367085604992
542,70,0,-0.468699779782087,0.279160816939631,1.12457483752911
543,19.0234146737589,1,0.704167283929716,-0.0761706715471799,-1.77954774715351
544,70,0,-1.19736350236541,1.39466313220858,-0.344550362435428
545,5.70364290445695,1,0.866366132112773,0.164534117605585,-1.10917311375928
546,30.6426637342486,1,0.864152486225893,1.57785197879348,-0.630105782923093
547,42.9502993382182,1,-1.19862235906875,-0.0619226576195498,1.31688376872424
548,47.6329568489314,1,0.639491997900534,0.613922964193686,0.534513388284073
549,4.61877737746845,1,2.43022665234451,-1.54608859424524,0.493898085741881
550,32.5315829851902,1,-0.557215481941608,-0.112391961337408,-2.07799243134481
551,3.82632611939947,1,0.844904241408072,-0.0217945399608857,0.196325342741564
552,41.3956369550151,1,-0.782201845619403,-0.758345417416546,0.628803153873898
553,6.31433059422907,1,1.1107114182028,-1.0358928844223,0.860947143393616
554,33.0102747531583,1,0.249824719926562,0.948159302551811,-0.973247350475229
555,19.1062831648023,1,1.65191539162316,0.91415873392772,0.937543052030658
556,4.59815682855227,1,-1.45897072853692,-1.29873199484646,-1.39520577829527
557,56.3133486726949,1,-0.0512978861253612,0.424378794934342,1.73874301887633
558,18.9254413810802,1,-0.526925176125598,-1.11254531995509,-0.798634290243535
559,17.7844724077472,1,-0.197264869076299,-1.05107322618156,0.765024386769347
560,70,0,-0.629578742686005,0.525412448266355,0.317911345135436
561,33.6879482820311,1,-0.833843580535001,-0.686024000093054,-1.06360051761289
562,70,0,0.57872237461645,0.993479982122214,1.1442586560686
563,70,0,-1.08758071407693,0.0385235990753455,0.0333768426273916
564,4.35728352674066,1,1.48403093155628,0.536148975785724,0.818407774847846
565,19.4582542238148,1,-1.18620658531375,-0.523626697886161,0.218192085822206
566,54.0475166268101,1,0.10107915139528,-1.15122133494359,0.868497252409914
567,31.4761292333798,1,0.532989286826481,0.914752241002756,0.0216805208980772
568,69.829697478269,1,0.586735339092625,0.238071491562714,1.11522864969301
569,1.25751322003799,1,-0.30174666386638,-0.239067759454706,-0.352180864911126
570,24.7843581700825,1,0.079501995328401,0.0692353265457363,0.527288318248801
571,70,0,0.961264151809677,1.32590834259925,0.378571522243943
572,70,0,-1.45646591707643,-0.698166634620072,0.843859777098379
573,70,0,-0.781739711532082,-0.749408444463181,-0.621042494956867
574,14.3441433606249,1,0.32040231431661,-0.619615052707355,0.177691497867866
575,17.0733797950493,1,-0.444781978336992,-1.58499126820987,-0.580165079131849
576,9.26835261657728,1,1.370003993971,0.819628137503742,0.908637825733444
577,32.1860426576429,1,0.673253863354836,0.192369646744246,-0.636686379475083
578,7.87635545354321,1,0.0721667524147558,0.207171974217929,1.73223869637675
579,70,0,-1.50775731753668,-0.0433473543476873,0.790371602039116
580,9.87615334905333,1,0.0261002253262418,-0.51016044142411,-0.0137079788538398
581,10.807944652351,1,-0.316415868196993,-0.823418613776223,1.20619647520582
582,48.2811195078179,1,-0.102346513520598,0.851856403292672,-0.0845909401382518
583,37.6091294904071,1,-1.18155922705569,-1.42618467292015,0.563262281636034
584,0.953534283389886,1,0.498658043829925,0.440298941965411,0.528194400015101
585,70,0,-1.03895644030703,-0.792611650757683,0.423038432410325
586,39.166624302659,1,-0.22622198144241,0.282310214545467,-0.596764229709111
587,10.8669078784939,1,0.381425829451352,-0.740690522190153,-1.2508442776012
588,1.30041380754594,1,-0.783515789013048,-0.52334168268403,-1.68160070977383
589,12.6630091040474,1,0.582991405680064,1.76936591702701,-0.456296359001271
590,70,0,-1.31651040165169,0.668282618933513,0.682793192202467
591,70,0,-2.80977467896054,-2.14489702427566,-0.23903748350282
592,7.06329005895813,1,0.464967990785852,0.126412416100317,-1.20335093346794
593,50.2191857442601,1,0.840539826961,-0.451812936257225,2.15647760195008
594,17.27576528045,1,-0.285845423591384,-1.13662618777767,0.702009423048609
595,47.2006290008906,1,0.504126254591608,0.209785890431194,1.94661810026563
596,36.3465219520918,1,-1.15591652508367,0.129965516019362,1.21303635372129
597,34.7286102131156,1,-0.127148606825662,-0.328506572568084,-0.611379118364512
598,70,0,-1.94151837604062,1.97270356733745,-0.411921203246786
599,1.59841661204358,1,1.18118089143852,-2.24869006681656,-1.44068097826971
600,33.8771801972255,1,1.85991086154316,0.838219387278491,0.74047345310968
601,5.71707200908982,1,1.07401226028199,-0.289023270462573,1.62365925222734
602,9.35694673215938,1,-0.0273469664137418,0.656513410579383,-0.920484878072598
603,6.43108130612584,1,-0.0333303422759193,-0.453997700638682,-1.20219764681918
604,70,0,-1.5160676231511,-0.593864562445098,0.882678068364482
605,1.15833642010829,1,0.790385343888228,-1.71037966639463,-1.51647903560073
606,70,0,-0.210734180691776,-0.209448428272738,1.92161155776854
607,1.86068275243779,1,-0.656742925361075,2.47874580135709,0.572135777806248
608,70,0,-1.41202579265831,0.989702208129369,-1.71489505383856
609,70,0,-0.299762496646272,1.67557215582683,0.354918895732423
610,70,0,-0.849061135016708,0.914965318314041,0.105181865810994
611,57.1512605097024,1,-0.397030520327837,1.14426270796186,-2.46841353318467
612,46.1583427877293,1,-1.2175999877636,0.902876414499107,-0.0418580303239525
613,3.75563172928942,1,1.6875894829457,0.475392431765103,-0.587260767867037
614,16.4443154835079,1,-0.0160025272079689,-0.582528773997008,-0.887296992757254
615,10.8282845902713,1,1.07494507727239,-0.532934737323476,0.238716819750682
616,70,0,-2.60169967025765,-1.60083999637529,0.850890302293807
617,70,0,-0.453197829994837,-0.00581771387999253,1.72700883321405
618,9.51771986294714,1,-0.675482291592071,0.899355675856713,-2.63250764609541
619,70,0,-1.22292617936591,1.03192255652607,0.743611327809965
620,7.80816431287283,1,1.54660915422409,0.0951327044554184,-0.952351111335292
621,70,0,-1.41528191976949,-0.547627617221911,1.15633016538051
622,70,0,0.318390260408025,3.29051744331853,0.345861674157838
623,6.36724157637072,1,0.846436285579692,0.736685531250424,1.44495717206043
624,27.3138297989416,1,0.178190188418023,1.42057530487914,-1.48276130575666
625,70,0,-0.875255477495516,-0.337680640667324,0.49463129762884
626,2.03630270297938,1,0.941165806724167,-0.0379576270545946,0.295159338034633
627,70,0,0.170588081840838,0.448607097706726,1.04786224591943
628,70,0,-1.06349790638204,1.67652231194829,-0.231168508634999
629,70,0,-1.38804904760206,-0.311474545456128,1.14401684592874
630,0.0332524712868702,1,2.08671743449315,0.853615666783069,-0.444960875475881
631,2.79471382769635,1,-0.678503145418437,-2.09481463432023,-0.429237403893111
632,70,0,-1.85557165391804,-0.507254434081633,0.0253793014557843
633,2.74098732037089,1,0.533259362753652,-1.29200907676331,-1.06925217238229
634,48.7677698464014,1,0.310230256060895,1.1133627173571,-0.456571640834288
635,70,0,-1.3538343357226,-0.164453088280257,1.11000382848242
636,70,0,-1.94295641358195,-0.390374082006742,1.65182870430573
637,70,0,-0.116302517158606,1.36909984619857,1.11425467962836
638,23.9865378582304,1,1.13939629170942,1.11627285824002,-0.424865175188582
639,25.7814707343208,1,0.636124035182149,-0.898021203467497,0.318479885539619
640,9.50206408372377,1,-0.492937424161977,0.427866487609647,0.098489648944743
641,0.261626395906164,1,-0.834188231584378,-1.22844456851225,-1.2590274729358
642,47.7916847523481,1,0.271066756750545,-0.475615024211179,0.257408211140715
643,24.24788449914,1,0.157353347216158,1.61657763714695,-0.824293327671809
644,26.7058419570273,1,0.629711746692728,1.45012795133044,-1.06062421894714
645,70,0,-0.395797950288896,1.10901875546684,0.725505461365908
646,9.8309622542335,1,0.899354053203099,-0.570903886330324,-0.707931887106341
647,41.4559103406811,1,-0.830811527336248,-1.88143147027555,-0.144048750509615
648,5.60889358760671,1,-0.330544700119963,-1.17569818402416,-0.973715576881434
649,26.2107729920494,1,0.740814523725905,0.95255652462752,0.0559444258531401
650,19.3227693473607,1,0.989971608627113,-0.290567886165088,0.492346553150489
651,0.563545110934856,1,-1.93850470145338,-2.16260814556798,0.502545254666909
652,5.84464459351085,1,0.107190407016153,-0.180187487716462,-1.07525797722939
653,40.3033549779053,1,0.60877901173463,1.41023922112458,1.25804225002658
654,70,0,-1.45082431349063,0.643468640519534,1.49297171304439
655,9.06709833675374,1,0.480625599875217,-0.821258543529422,0.372910426410749
656,0.737962752925757,1,-0.828174270396797,-1.54591665206502,0.157479547884347
657,13.2491143743024,1,1.02025301216443,-0.826547225636788,0.0773429033210805
658,37.4504514707746,1,0.538482032102641,0.0345276713215226,0.257545945939747
659,5.40610642326101,1,0.769052294995609,0.888073700912057,0.376423588722638
660,2.87268330431844,1,0.120719329287034,-1.93994015479026,0.136823618948169
661,60.2228469497305,1,0.863648434157753,1.02320175527412,0.653823170914733
662,16.7439062737837,1,1.38051452831454,0.00545772658802192,-0.335768542377534
663,10.772512768942,1,1.96624801545563,0.569778969605829,1.12934492850217
664,15.6288188647319,1,-0.028395054749065,-1.65325556323487,-0.0376828117706237
665,70,0,-2.2490510903324,-0.666654380122182,-1.75569401653616
666,4.20396571825289,1,0.0315260045939917,-0.448234189265524,-0.0997203693834034
667,62.9593739191969,1,0.205561208449975,1.04389134830903,0.447020452653874
668,70,0,-0.155345347144399,1.02817404739542,1.2300316728337
669,19.2901153418172,1,0.568288620777075,0.435090459248337,0.0602104326151076
670,14.4802781746548,1,1.01067796451426,1.60421218162388,-1.940069201671
671,36.3976347116689,1,-0.517982430167822,-0.515411199745366,0.00483176592536138
672,66.68109879859,1,-0.29409532715611,1.01253719377392,-1.19921192196747
673,0.741732813572146,1,0.397842208800339,-0.035940029790719,-0.976105703649749
674,2.15665141420162,1,-0.550223741489138,-0.667342096176409,-1.02562705123497
675,40.4648773462831,1,0.0912673834882354,0.923380038330837,-0.799226924512563
676,70,0,-1.9617075988853,1.3811003308495,1.13712909055669
677,70,0,-1.11989972139762,0.878250416184849,-0.831528899543843
678,70,0,-1.32775547560413,-0.509403455422264,-0.439062773952966
679,54.5178696588645,1,-0.853623696727242,-0.469787634155099,0.184173461400253
680,70,0,-0.693304527930666,1.377675846806,0.89037962557919
681,4.56601898620535,1,0.38230514254637,0.352826406417748,-0.666705010074985
682,9.02920201736227,1,0.982113002522641,0.829573979321121,-0.826223863869995
683,3.84126731831124,1,-0.727383529087535,-0.338701983664306,-0.518615722213841
684,70,0,-0.996838982378005,1.26103493646465,-1.17171869923338
685,70,0,-1.04168885898951,-0.808755144962193,0.920033349469812
686,14.0663100127416,1,-0.414588726363674,0.625351520866631,-2.18195813409894
687,4.9198505988382,1,-0.239029068152564,-0.817174965568112,-0.5276920773549
688,1.10305944789069,1,0.483617533838269,-2.46257501658577,-1.44114002209388
689,2.30825178645511,1,-0.32132484216839,-1.34295751067967,-1.95678478418978
690,70,0,-2.07848926886002,0.136295199210162,0.0286581970792618
691,70,0,-0.0914342755501383,0.882922749625827,1.53823566132278
692,10.5709508111265,1,1.18718681065156,-1.75130208309482,1.63464035479982
693,11.7676702689721,1,1.19160126851033,-1.25142446891953,-0.562776208352765
694,70,0,-0.78896321811123,1.76454599657549,-0.696955708518244
695,62.9938799233092,1,-1.54777654363757,-0.433899349823264,-0.538226303471587
696,9.09534712589557,1,2.45806049186527,0.505700131930602,0.710110231783851
697,0.482091191808078,1,-0.162421942479419,-0.526935321377321,-2.56169696298002
698,65.2588803727607,1,-0.0974512501056172,-0.298582885151505,0.24770047442229
699,18.4399627500564,1,0.420574188698147,0.0872442066052375,-0.405540381007554
700,70,0,-1.61403945661912,0.0109618427990058,-0.743938496851104
701,0.0852396024768911,1,-0.728219111191288,-0.192560211042065,-2.00612003132012
702,1.79341885324864,1,-1.54044240529001,-0.469796485143739,-0.205826417782953
703,0.152158951857386,1,-0.693094614010595,-3.04786088979872,-1.64905677245587
704,61.9758425872608,1,0.118849433004561,1.8686555003337,-0.0153078731923365
705,70,0,-1.36470945798691,1.79042420824304,-0.894901677513419
706,6.01446747620698,1,0.589982679367313,-1.10108174171923,0.0463197241835662
707,22.8389160155443,1,0.289344028817336,-0.168107522109968,0.461004079383783
708,70,0,-0.904215025620639,1.37527530471249,-0.503738767197944
709,10.9080722250767,1,0.226324942381064,0.998290023052202,-1.022398456216
710,7.63733684862396,1,0.748081162493843,1.27660161874577,-0.61174222903031
711,8.71298983592082,1,1.06109525326174,-1.0717469181598,-0.667393503214493
712,69.9874318097435,1,-0.212848278646528,2.57726809619797,-1.49327582905547
713,3.85435628316893,1,-0.0936367939110456,-1.13345995977033,-0.780618213906196
714,70,0,-0.0867141349819251,0.753916341883288,-0.193405134857153
715,5.39459217047642,1,1.44146175605504,0.141275980445689,-0.220833309799399
716,5.35821027345782,1,1.12507189227799,-0.403710317962031,0.329541739887292
717,18.4559648422129,1,0.834401567757039,-0.379415798181019,1.29187572312354
718,8.34854641227433,1,-0.287340799840693,-0.991396812531003,0.333671031663867
719,70,0,0.373241434166406,1.62265979575681,1.47578697474206
720,17.7685491389964,1,0.403290331220696,0.0895132277627515,-0.647925964720306
721,70,0,-1.04167329428932,0.259217949214378,1.35066841000033
722,70,0,-1.72830451532074,0.209632833061035,0.593408907817607
723,11.876624307125,1,0.641830027651616,-0.375170753060867,-1.19170888523403
724,70,0,-1.52931053118042,-1.13402124475505,0.402171012485224
725,2.3961605339702,1,0.00168368848420991,0.253726309683961,-1.23769284056948
726,0.833353209951302,1,0.250247821348331,-2.09363944995893,0.947230675691712
727,0.0803394907507999,1,0.563867390305883,-1.41856694283561,-0.539746145027583
728,0.930309632789522,1,0.189426237514811,-1.07639669493838,-0.236110187036619
729,28.3115639339578,1,-0.732853806297125,-1.07867886267235,-0.679536488943232
730,5.35151857970313,1,0.986365859895462,0.107188816567081,-0.852178292364297
731,28.74425221939,1,1.73863376690625,1.59848754832474,1.70213970919678
732,9.4692183544048,1,0.881178808925443,-1.51532414406497,0.991804522902772
733,70,0,-1.94365090132398,0.433676020596611,0.675213077027448
734,10.3268797374789,1,1.39957618540294,0.899544753321039,0.0736199590039371
735,18.7787921733643,1,-0.056055946186268,-0.989532202288876,0.736333814551808
736,33.236382746303,1,0.52491427931929,-0.0527994015224791,0.661712776915951
737,60.805842845628,1,0.62203323587106,0.823610902622057,1.60352059838129
738,22.8121953947499,1,-0.0966860732067051,-0.255509102547389,0.85003977821244
739,26.3729803649445,1,-0.0752631976487263,-0.220684347251213,-0.206189006457514
740,6.9907723681106,1,1.0191570693309,0.307726791210618,-0.214892943259896
741,19.8914194814773,1,0.711601922486244,-0.0600132533332709,-0.468072564336127
742,14.8974538757636,1,0.990262246044231,-0.555652889939218,-0.363738560815834
743,2.93117249608956,1,2.38292669523033,-0.138615019460891,-0.236683939495527
744,59.9514275051234,1,0.664415863694087,1.88283979238647,1.22288074959827
745,4.77511187945051,1,0.207381157385307,0.873668679606028,-2.32835963269809
746,70,0,-2.21063311057562,-0.914597072827623,-0.701845828410341
747,5.11465530451477,1,2.69171400324612,-1.24491762233132,-0.132880719366657
748,49.4716184252073,1,-0.482676821796308,-0.359982240682608,-1.2832584037532
749,1.59268485302981,1,2.37473471509539,1.32877470094798,1.61910061010553
750,10.7471591294623,1,0.374643568004988,0.292679118416953,-0.233948301011858
751,5.96294465573487,1,1.53843019889679,-0.701505236840661,-1.11691813121359
752,70,0,-0.109710321176239,0.88223456781802,-0.891613786810676
753,4.68546735268913,1,0.511470754698125,-0.133370388722892,0.87239516251344
754,0.938824068908643,1,0.213957979642262,-1.12067849929142,1.86900934050409
755,42.0915576916354,1,-0.186120699373496,0.461192454211788,-0.124268503812241
756,70,0,-0.120393824622494,1.52414281017881,0.107028807376313
757,1.26739443998064,1,1.01283433584425,0.434468298132828,-0.948535060055103
758,70,0,-0.2014581469715,0.192000371138929,1.31664471072918
759,70,0,-2.0376824944408,-0.656243128417058,0.722656926345969
760,25.416055529042,1,-0.195889248829828,0.568398530869528,-2.32925346285753
761,5.77643214007451,1,0.539790605536274,-1.07057053489039,-0.645232545817526
762,10.2303774110327,1,0.61645571635144,-1.65314902448089,-0.234117494341529
763,52.2376395696212,1,0.616567817477434,-0.0433527684937541,-1.10816067338053
764,70,0,-1.69210152086908,-0.0345935057990383,-0.273224175602157
765,70,0,0.368742058011194,2.36505553200281,-1.13344115426419
766,1.1548920976174,1,0.967859209947064,-1.2163473078919,0.359307953730572
767,11.6859688477892,1,1.27657868146766,0.170906323349044,0.335644763865137
768,42.3803088454456,1,-0.224961271044116,0.805053093622193,0.81098435313938
769,15.1166736391207,1,-0.321892586182801,1.05059284411588,0.416456135933571
770,16.8808377393714,1,1.48783783187804,-0.0107244846593236,1.59411403885386
771,3.94141664337441,1,-1.66792804577932,-0.743256141429252,-0.386137877288101
772,14.1401210254181,1,-0.436829976913125,-0.0657840518699871,-2.15330336743643
773,70,0,0.457462079357455,1.93975599193716,0.025659213079887
774,67.1715025621517,1,-1.61777376538123,0.482739008175833,0.649848845025497
775,1.57101605041322,1,0.279627862431757,-2.04447707255807,-0.401235599512803
776,28.5901789439279,1,1.87786402105219,1.42345912865025,1.40087647763291
777,70,0,-0.00406065343634058,0.540502660915081,1.09476867868607
778,70,0,-0.278454024963586,-0.033571771837525,0.537493298921215
779,9.06504107395263,1,0.474911714034054,-0.0178636211100986,0.0697747577746106
780,1.23723148710695,1,-0.279072170787307,-0.149789719793403,-0.551500633193785
781,0.78277967391241,1,0.813400374079065,0.25655948095525,-0.176943367781943
782,3.51296302120735,1,0.904435464449695,-0.503866933037016,0.469177847669925
783,70,0,0.00269166123012091,0.277011251660008,0.96779678824769
784,12.0884917075632,1,-1.17669215774973,-0.931356024820741,-0.296114656814332
785,70,0,-1.31822072745909,0.200146875274757,-0.728253258423636
786,70,0,-0.592997365655317,1.10683742066645,2.4756058618661
787,5.9350772385507,1,0.797380500549836,0.509206113653801,0.5185571703497
788,70,0,-1.95820517465693,1.03374967645111,-0.903603205337453
789,6.29687265597522,1,-1.88632515873255,-1.09086876180262,0.930979056343251
790,16.4497739868391,1,-0.653779824760103,0.0547927844725968,0.061686497897853
791,55.3742243414187,1,0.394394847980585,0.617250302722063,0.826789248521633
792,67.6875536177693,1,-0.913566048164992,-1.06800486773328,0.0517969525608289
793,21.8734431037306,1,0.886749037096059,1.56581433705846,-0.0584290512452095
794,4.49689604702433,1,0.333369970155182,-1.03480801098526,0.0906116207122605
795,16.5800630013448,1,-0.17063961823861,0.16451870850584,0.412780797052548
796,16.3602969666979,1,0.81882813653178,0.151832330355081,-0.61008573154393
797,20.3291273435532,1,0.388365162819368,0.121670301966854,-0.65536323027314
798,70,0,-0.445935027212156,-0.210424583643468,-0.184779206139361
799,70,0,0.23111493441816,0.449936787146205,0.171301431637089
800,8.79836492981132,1,0.647513357977592,-1.03116449189746,-0.317376455269396
801,4.60417927393904,1,0.356283344862047,-1.28936418822322,0.316984562457902
802,24.6204376745563,1,-0.658010207949479,-0.654568638113246,-1.101735412602
803,2.92365842271476,1,0.855202205064192,-0.0573241038477797,-1.43095845286738
804,10.1929134062447,1,1.15293622555862,1.25674782035705,1.89201063250808
805,70,0,0.276274556543337,1.58745413986454,0.397877113060311
806,11.639013586668,1,0.144104662462187,0.319481462544746,-0.397028133394579
807,1.16833245244102,1,-0.075625080779838,0.381591622693148,-0.279957848490363
808,13.2674247611656,1,2.16141584630279,-0.243644883639445,0.78511853104356
809,32.965101885051,1,0.276315532135793,0.0480530840530341,-0.210320814229356
810,7.19265800148299,1,-0.158294028699944,-1.40454586110179,0.192114963876683
811,70,0,-2.50791780219725,0.289933728895764,-0.264725626098451
812,58.1281211933451,1,-1.56528176503053,-0.535553582293745,-0.501391057936759
813,70,0,-0.0776732006105648,0.334678773100549,0.602189813520256
814,4.22225229074756,1,0.206294044843098,-0.345981339154502,0.141494558350148
815,60.004693072173,1,0.276872458861614,-0.661615734836447,1.30181266697034
816,4.39888866970987,1,0.821506780448618,-0.219111376802046,-1.12539685767474
817,45.6089150701452,1,-0.194152409320457,-0.366904910633707,-0.135307406049395
818,32.6889888056757,1,1.21458879448256,1.09457820784237,-0.208988948819788
819,70,0,-0.921516042869578,0.209208082437128,-1.07486233391367
820,29.6339806087477,1,-1.20844272044307,0.432491426153216,0.997858726258268
821,63.1325991398741,1,-1.22898617755381,-1.24085358580078,-0.107399749074144
822,16.2599191566283,1,0.742297024186518,1.49682170962802,-1.38555799043147
823,46.719123632446,1,-0.082919942339226,0.159370441160762,-0.59214062739422
824,0.733526358731607,1,0.789817921820499,-0.856281403403253,-1.10533356064609
825,70,0,-0.267706421557085,0.309046645446821,1.03908851261442
826,70,0,-0.591892102212813,0.870434029844877,2.54290445686211
827,10.8072467402844,1,-0.368352575126506,-1.38367713830156,-0.673715819136411
828,70,0,-1.85261682424173,1.69010697003056,-0.0922300081017977
829,50.146238701016,1,-1.16961526041411,-0.158030705178362,0.279735034290658
830,70,0,-1.44203464635845,1.12117078064864,2.70895941900681
831,7.79782684226634,1,1.05432227197535,0.0722613190889151,-2.32900346367574
832,14.4371999292212,1,-0.5973300913628,-0.332422844566724,-0.513955735696316
833,4.08213247609513,1,0.78945985279018,-1.83492004662686,-1.20279475722774
834,2.40344911615147,1,1.51649060169196,-1.10017221858719,-0.227624806236914
835,70,0,-0.191774809109942,-0.0413402999174309,-0.275899217586007
836,37.9449346491209,1,0.283878906352351,0.827852545117142,-0.72980880602493
837,70,0,-1.75106751939608,-1.88167865415457,1.83415571752355
838,70,0,-0.818669777519803,1.37544111232424,0.257065337064977
839,70,0,0.0562148493828386,1.39899046430298,2.39358537418796
840,2.39812581630974,1,0.299086903336152,-1.14331625591094,0.823616626218353
841,21.4643153893218,1,-0.759398117298882,0.47230056219311,-1.26531215025604
842,4.04795539101298,1,2.6848589992268,-1.03363921335421,-0.753491215068184
843,70,0,-0.458390139092389,-0.125199978688284,0.273038419162952
844,70,0,0.0642435566300379,0.928662738846683,-0.577898941085042
845,28.3397366931549,1,0.649791867153518,0.868339647698771,0.35428968907761
846,70,0,-0.0260186347739953,-0.849174603633478,0.732572641958218
847,1.74072235667073,1,-0.643567387027114,-0.386636454475566,0.421122276651071
848,8.43528517843165,1,1.04530566396331,-0.976163570997166,-0.13461283417085
849,5.11262796234616,1,1.6155453232072,0.339543659904915,-0.643538933862576
850,2.57988440793479,1,-0.0296939710498354,-1.55907516443377,-1.28932068916416
851,4.66618359484505,1,0.562267345403066,-2.62932544155136,0.340894898598314
852,70,0,-0.0974124985026302,1.46981228187286,0.922335674092897
853,57.9019940549889,1,1.01645521770216,2.27347291299472,-0.0796694097451784
854,0.569528955202806,1,-1.15616739425985,-0.455033540238828,0.75361765272448
855,9.52630278217366,1,2.32086022399448,0.761102487094892,2.227529683524
856,70,0,-0.603531247788338,-0.00750278370972113,1.93382128195771
857,70,0,-1.45884941443809,1.47431379971599,-0.494905476776135
858,70,0,-0.35091782719307,0.554143932569381,0.546711841395066
859,15.0594209698144,1,0.146708484145002,0.203663965116151,-0.702210637746134
860,0.785573853886201,1,1.62362120768023,-1.79913645176587,0.68981342390161
861,36.9781632004766,1,0.91120967677132,1.08295568079775,-0.0583631400767486
862,10.9383856446217,1,0.142458432045787,-0.350853615046856,0.277587578066646
863,43.0256810571619,1,-1.38948352398816,-1.40349008471503,-0.859014614409201
864,70,0,-0.866037744672114,-0.20179666491333,1.20537791583264
865,70,0,-0.163284932229294,-0.126778159792303,-0.0841799664768694
866,13.1118441745437,1,2.55302611346059,1.05920687266615,-0.445919957955063
867,4.39181888666056,1,-1.86022757421841,-1.167396032264,-0.0766213726151868
868,9.07065308131836,1,1.13105465184602,-0.557643627318445,0.0763983799958751
869,70,0,-0.527234257233921,1.48811992838316,1.63686401169385
870,33.9033880935405,1,1.66599089998742,1.35866576877003,-1.11072398833375
871,70,0,-1.1392006399734,1.16321454390236,2.45899120349098
872,24.8257219852114,1,0.143623234662747,1.66152394534788,-0.773312386463012
873,18.0291228553433,1,-1.09955094170275,0.204030979829896,0.174643374960065
874,3.20916626249322,1,0.903516426361675,-0.581883686869775,-2.05814136474925
875,17.874446352594,1,1.48377948873809,0.555204061863422,-0.654460530329722
876,7.8167482432013,1,1.95072100640115,1.05872312582593,0.731773364128733
877,7.54602288948021,1,0.797600657589519,2.41363327147105,0.50523305857902
878,6.53666666766855,1,1.84326625457782,-1.96498233271119,0.410572221752549
879,15.6239457733798,1,1.24642390866165,0.273235703066817,-0.466765303532686
880,16.5629362766139,1,-0.131874911824015,0.654794582869646,-1.84357246605783
881,3.00397229307785,1,0.4770372382847,-0.0545986553603831,-1.07282462705942
882,25.4479819835499,1,-0.971994211475933,-1.55782224848511,-0.229828765324043
883,14.895400680598,1,-0.185202169400994,0.741500892086244,0.6216371749907
884,18.2964750312963,1,1.22096370834882,-0.779085741263919,0.837445481389698
885,3.08145015521408,1,0.54128414348235,0.505861498830513,-0.302888049153909
886,3.61809003473092,1,0.45735733162533,0.90755170601785,-0.151552534412389
887,70,0,-1.03813103968721,1.28395701047459,-0.162851522523741
888,0.513487265779157,1,-0.604513230334117,-1.55786379738557,0.0578455329557257
889,70,0,-0.764606013753569,1.08174184817912,1.53714488558615
890,17.0944835512539,1,0.395295870013499,-0.756981356946019,-0.726712528090392
891,7.38215386839888,1,-0.990507630466559,-1.28901947384896,-0.204762719552353
892,53.4204498756921,1,0.562041390099052,1.31432066591943,0.078726292442996
893,43.1760681200645,1,-1.11641641193354,1.14625997326498,-1.33826589318506
894,0.985539119274614,1,1.82853045813536,-0.242583267705004,-0.921029235202948
895,63.4348010281277,1,0.460591349478104,0.759540706238345,0.200261948609106
896,70,0,-0.70100361225327,-0.860325741423062,0.427069127739095
897,70,0,0.241045932501223,-0.151031579052044,1.14009020938031
898,18.3851073609337,1,-0.352453199227956,-0.0937232337608719,-0.465705956438507
899,16.8492128807015,1,0.371147959759657,-0.280740054504004,1.45390062123435
900,10.8780659218252,1,0.2435327187603,0.734098736497243,-0.864556217319535
901,70,0,-1.01411417266147,1.53732753549595,-1.59628307950226
902,1.58129483062452,1,-0.79131387881947,-0.455771062778902,-1.94601344555199
903,70,0,0.299593684739564,-0.0326584523557289,1.10405027494058
904,7.96234785398035,1,1.63905190875156,1.6367573491655,0.304872111305456
905,4.16061159626761,1,1.08461700867092,-0.329041970526538,-0.130421889948526
906,1.92002270158264,1,-0.624567473618094,-2.6040381706071,-0.293613387011894
907,70,0,0.825922901647494,0.513983786447932,1.58625545540677
908,66.8121686375042,1,-0.0485683527562885,-0.886468011111257,1.20114550405925
909,8.72485715748073,1,0.301313651718405,-0.998538406003926,-1.00373971119925
910,16.7430997657602,1,0.260361490736558,1.42081681358485,-1.39101698281623
911,9.99246016244463,1,2.57544976372339,2.44799800701523,1.08529588092986
912,0.978195769057687,1,-1.18528881058722,-1.03978254140354,0.560611806017343
913,11.9735638610351,1,0.100919859012857,1.03102518166676,-0.510980985089714
914,70,0,-1.77997728796762,-0.0941478383696331,0.396451965571097
915,12.5040825825242,1,0.589835922958758,0.141807459220448,-2.02323110391136
916,15.0159246935151,1,1.0966084717214,1.2222367014564,-0.665141472933446
917,13.4245956449835,1,1.44566224110115,0.213674518441066,0.435007205526097
918,70,0,-1.92514525183712,-0.851365353860758,-0.0729116390239619
919,1.3918945152276,1,0.41276949719403,-0.470408874742861,-1.28188764411534
920,31.2132346708391,1,1.59336995138365,0.686135255298873,1.01526613067697
921,36.8974019475016,1,-0.414015863042303,-2.3359473318599,1.16305933920202
922,44.6983603448852,1,-0.212150532081949,1.09524438184847,-0.940039838457001
923,3.72503038923371,1,-0.0365372222047413,-1.56715009883224,-0.185466629123019
924,0.0635908616255718,1,0.365018751433036,0.0219310628183824,0.730613939460249
925,55.0584471307593,1,0.665159875745969,-0.19035897759196,0.863724842718663
926,6.77151561724457,1,1.31782088371148,1.29306948602434,-0.528747614634865
927,35.8796794817005,1,-0.0954875904449924,0.188849315056629,-0.878539839568099
928,11.7289816216284,1,0.196278045472469,0.101939134905212,0.345075406845387
929,8.22716763267129,1,2.48799787722146,0.698135808858598,-1.91601821802967
930,4.29507236937907,1,0.431098928114991,-0.827014556190432,-0.950077589348363
931,63.8717114854808,1,0.188753109329833,-0.195898856066376,0.773587127057442
932,70,0,-1.34224312528345,1.17758441380777,-1.7037984055143
933,70,0,0.00285604762222659,0.683473620979851,-1.20077712678264
934,0.190416512727889,1,-0.221326153166881,-1.27549670675253,-0.240785063614367
935,70,0,-0.0110458298093738,0.637956367410881,-0.302073501137212
936,4.76421020960113,1,-0.575417641271167,-1.37758962460372,-1.75404475768728
937,43.1031644493251,1,-0.686815652442701,-0.59831080371967,0.50937884189092
938,70,0,-0.720773631820122,1.21092038385701,-1.02145633708376
939,0.70671470589455,1,-0.214504515399774,-2.25104517544585,-0.158058937403218
940,4.53786261243906,1,1.36813264802863,-1.77901419088083,-0.196572207000955
941,70,0,1.04908662655933,1.30137267282642,0.696628740831187
942,22.6844160904534,1,-0.359975117943056,-0.814792784052655,-0.0659814597136106
943,70,0,-1.68591645453874,1.24370701857891,-0.13434798554826
944,14.6455185014371,1,-0.844583428535954,-0.168250200756106,1.65474084400222
945,21.4444089050193,1,-0.457760533240508,0.427775678362924,0.371894882020314
946,16.6052012201253,1,0.103638004228304,0.813278889629239,0.623540462610103
947,26.5310147807897,1,-0.662607275700815,-0.651211869360044,0.474898626830697
948,5.55907233844246,1,2.00668069083189,-0.304590923146605,0.571634626645242
949,0.42853284954516,1,-0.272267534418351,-0.415097169645636,1.33573646703799
950,70,0,-1.21394447023951,2.81608427602238,-0.0571041609665933
951,50.3736864380848,1,-0.141261757282513,0.126147069097579,0.242843946422432
952,70,0,-1.00537758159341,0.472800423111086,1.96963413281427
953,7.66022667791958,1,0.156155707275326,-0.34075354094095,-0.530038313429479
954,70,0,0.233633614089869,-0.24179064265461,1.29100897953624
955,70,0,0.355587611628384,1.37875466885731,-0.607078196072321
956,70,0,-1.62185825912421,-0.338883669537391,1.71013967532023
957,5.94351820130252,1,0.220711290970649,0.0201363027607609,-0.666247379760654
958,1.82143754027819,1,0.310450080541646,0.376962164141067,-0.814372276715255
959,14.4748648422622,1,-1.42110844750449,-0.431723745037877,1.03640262444953
960,39.5407583044228,1,0.955365639730411,1.95906415617703,0.964931532612911
961,7.06244311920344,1,0.784170879094338,-1.42845961222117,0.551710837460081
962,40.3699202208514,1,2.29961936115445,2.01129297984563,0.273188529340283
963,22.196480587834,1,0.156702987375728,-0.351591888879179,0.241859803341899
964,70,0,0.0467335275180007,1.35711964684949,2.05476070604651
965,7.71749113634054,1,0.0965858340824363,-1.99917741100747,-1.43253449521809
966,43.0506778750827,1,0.0697662309003006,0.956080621428453,-0.986336317053269
967,70,0,-1.84847277533767,0.876431264976865,-1.27914012290609
968,70,0,-1.67112705864224,-1.27121697156009,0.960755490376344
969,5.92900688660362,1,-0.0775389667912034,-0.768323878489628,-0.245641935333867
970,19.7104451524658,1,-0.581067380566498,0.193524845470222,-0.130008455896796
971,70,0,0.0547365250574253,1.14383542879701,1.78330681833913
972,70,0,-2.11120837326053,-0.765999304028674,-0.579026452784536
973,48.2417339524205,1,-1.49869825452676,-0.224125999053298,2.02279460124328
974,70,0,-1.10148343893874,1.57134693497734,-1.40944081364363
975,0.725221060819921,1,0.986058221060247,-1.12734724085149,1.31783561304849
976,70,0,-1.09849000709012,0.947793980716858,0.323121002574827
977,70,0,-0.799513953576531,0.448768189234897,-0.388600519991625
978,14.9983054563487,1,0.0798738186740527,-1.10581452855633,-0.172836903387074
979,41.8933132458636,1,-0.322746361825109,-0.667867842173781,1.33897466777892
980,23.8542853891592,1,0.146417178667962,0.783277510302197,1.70380587237689
981,5.56319195752346,1,2.30506198204569,0.248959432712127,-1.67846782105134
982,70,0,-1.12460367125824,1.42509827746748,3.42109460835705
983,43.1579214268243,1,-0.305469639909805,-0.601783962091586,2.57794265437777
984,3.7895665606592,1,-0.516759449743733,-1.71448769637948,-0.52532183465562
985,11.4977504738463,1,1.51239542683245,1.04782692647826,-0.0643819052069338
986,0.0811207085089106,1,-0.769484922890278,-0.608621618434128,-0.663547355536672
987,16.1252712901039,1,-0.0820869037757183,0.120340526822556,-0.0930010885901879
988,24.8165404963599,1,0.787133614322708,1.7190418138518,0.739859438245835
989,70,0,-1.0585905359484,-0.250414052311195,0.103362814930562
990,26.1975138329028,1,1.65517581574201,1.54955532739698,0.192006998204335
991,34.8860834317007,1,0.675762415474246,-1.09713964993245,1.47880760269639
992,18.6263839929116,1,-1.07420660953035,0.925511236116236,-2.20386847858085
993,11.0953778735045,1,0.454577809057738,0.246799211870998,-0.491443047401821
994,1.05793116706861,1,-0.213307143233068,-0.73677153935145,0.144417271262889
995,5.58700187981833,1,0.313228771994335,-1.28000893888965,-0.783100637317684
996,24.3450854565941,1,-0.0899751970156634,0.0766436635945079,1.06096624028704
997,0.898511270480337,1,1.07051603677834,0.255164762454082,-0.445505642122027
998,22.2804456066749,1,-1.35110038570333,0.277446817034678,-0.429180153772765
999,70,0,-0.522616697195916,0.536856022231548,1.18901180052985
1000,70,0,-0.249190677755399,-0.460485565976711,0.834294073061504
